,type,BL_LUEmax,BL_Tmax,BL_Tmin,BL_Topt,BL_VPDmax,BL_VPDmin,BL_k,BL_train_RMSE,BL_train_R2,TL_LUEsunlit,TL_LUEshaded,TL_Tmax,TL_Tmin,TL_Topt,TL_VPDmax,TL_VPDmin,TL_train_RMSE,TL_train_R2,BL_gsFULL_LUEmax,BL_gsFULL_Tmax,BL_gsFULL_Tmin,BL_gsFULL_Topt,BL_gsFULL_k,BL_gsFULL_train_RMSE,BL_gsFULL_train_R2,TL_gsFULL_LUEsunlit,TL_gsFULL_LUEshaded,TL_gsFULL_Tmax,TL_gsFULL_Tmin,TL_gsFULL_Topt,TL_gsFULL_train_RMSE,TL_gsFULL_train_R2
0,GRA,1.7577487,48.33131,-3.7982407,18.822691,6.4758706,0.14824048,0.22804624,5.9599220095888485,0.5600043852705203,0.5164391,3.9268975,45.18655,-7.6706223,22.139668,8.7420845,0.62722117,5.370363330776979,0.6427481122811974,1.6320387,47.211548,-9.807759,15.219193,0.29259065,5.483424908604795,0.5803581966898226,0.7197063,3.6787095,36.2173,-7.988789,18.364614,4.798354880632508,0.6786637855791227
1,WET,2.0729306,33.876328,-4.4939604,26.681011,3.6095154,0.028425327,0.22762075,3.4466238555984714,0.5171182464738927,0.38973746,3.9028232,49.007805,-3.7168336,29.993853,5.7244306,0.3023469,3.1077783791916236,0.6073974664430748,1.0987967,48.850338,-2.4865057,24.159315,0.28339705,3.1874339198530977,0.5048331543925185,0.24442916,3.303207,48.20861,-5.932255,25.171556,2.8873656400866516,0.5936757462066673
2,DNF,0.47785115,42.63135,-4.071197,29.987572,9.536509,0.43161952,0.44834235,2.6467088052809666,0.3311829810144672,0.7090034,2.8728468,47.356297,-4.302367,24.554401,8.81303,0.7664411,2.824670260595424,0.23821835117111667,1.3992512,33.752087,-6.179499,23.460495,0.215257,1.9413663963247507,0.5533958801726041,0.57444215,2.6027572,31.48477,-1.3873098,28.047106,2.096453478250125,0.4791913747519321
3,WSA,1.0930216,45.30072,-4.5210238,24.248327,6.025657,0.37571362,0.5808817,4.34550379674311,0.4617764153318862,1.1034875,2.430412,40.662704,-6.74063,26.94961,7.4541664,0.28368548,4.420466358666622,0.44304688593575525,0.8622289,49.647717,-6.3641524,28.589064,0.66252303,4.727014299956835,0.47145809334560573,0.47993398,3.363258,43.956905,-6.1497765,29.258404,4.3455440424945655,0.5533226750242846
4,ENF,2.146794,36.536957,-9.156716,26.393433,3.4879713,0.171244,0.22936313,5.090027628064233,0.46997441875038903,0.83405554,3.3754044,47.982693,-3.960074,20.452936,5.6796055,0.10080823,4.478808355285853,0.5896244185006567,1.746364,48.62648,-9.137713,15.1315975,0.23130047,4.625229711925944,0.4939779013159893,0.78087336,3.400034,46.473145,-7.243852,18.882658,4.022983789359319,0.617175754734888
5,DBF,1.4568784,48.29516,-7.472832,23.074808,9.059674,0.2555006,0.3057309,6.477910761545829,0.5840690243508302,1.1267388,3.8539052,38.498417,-0.00038216647,26.505207,4.025272,0.8894108,5.906494650035069,0.6542111599917038,1.5763406,42.85736,-1.5144747,19.122192,0.26301396,5.583931903535891,0.6244608367595341,0.7667058,3.928411,40.431747,-2.3587158,26.257475,4.808112438583447,0.7215647361775133
6,CRO,1.8522849,46.717693,-6.2914057,27.5286,4.189197,0.31907004,0.3494037,7.770549358627122,0.41038098452543315,0.97065514,3.847523,49.532272,-5.5511084,28.445015,4.535415,0.9550769,7.557132529108422,0.44232379882153117,1.9965917,40.23988,-0.93159795,14.850092,0.25337338,6.73640359461235,0.42785534313539675,0.8949915,3.7517977,35.376045,-7.7649655,16.96654,6.511826764584528,0.46536753724104896
7,MF,1.2140516,47.241455,-6.0800734,19.540022,6.3351507,0.053579513,0.6312225,5.62117286835525,0.534215403981206,0.6916085,3.6387177,36.949875,-7.695443,17.280802,9.159731,0.103398696,4.9250270079027745,0.6424403759762687,1.4215119,47.650925,-4.1340413,20.520102,0.36619365,4.935014644675175,0.6054727252857979,0.73157346,3.4963005,44.336872,-3.5798774,15.919352,3.996286637577816,0.7412898887663442
8,SHR,0.90902084,49.89843,-4.3235016,28.7775,7.6294475,0.026620064,0.3753687,2.420022457387661,0.47721618573408076,0.32244813,3.0005825,34.94174,-8.708678,26.342413,9.468285,0.39501512,2.028174397411947,0.6328073893245596,0.9861811,34.62965,-8.426802,18.116926,0.2908789,2.0891806914273516,0.49109413639865485,0.3277098,2.9388475,37.97902,-7.1396837,23.96949,1.7903915134657606,0.6262497693504981
9,EBF,0.82829905,41.858105,-6.37768,12.710564,4.7486753,0.5854236,0.7500791,4.896530420642734,0.3723629393869373,0.6051581,2.6045136,48.64168,-2.0009806,20.475523,7.445008,0.7526184,4.065792919405517,0.5672648470480519,1.0776829,40.613705,-8.963985,10.383323,0.27231058,5.20329230276583,0.3087087699566533,0.43418804,2.2295077,47.676956,-5.6123457,11.913472,3.9937816206035692,0.5927386205843308
10,SAV,1.6726383,44.756218,-3.1321929,27.143667,6.6016307,0.53548914,0.30378464,2.721225754594532,0.6352728171409034,1.0141557,3.9648929,44.06811,-1.2010282,25.185057,7.5815454,0.86281025,2.9401487794923358,0.5742275056356043,1.9584337,37.23617,-1.9574237,20.50248,0.26872534,2.136289557816437,0.6065553082197912,0.8367908,3.9668896,46.64459,-9.171051,29.314514,2.1866052375681124,0.5878035728413984
